{"id": "h7rm-fz6m", "name": "2015 Building Energy Benchmarking", "assetType": "dataset", "attribution": "City of Seattle", "attributionLink": "http://www.seattle.gov/environment", "averageRating": 0, "createdAt": 1492461362, "description": "Seattle\u2019s Building Energy Benchmarking and Reporting Program (SMC 22.920) requires owners of non-residential and multifamily buildings (20,000 square feet or larger) to track energy performance and annually report to the City of Seattle. Buildings account for 33% of Seattle's core emissions. The benchmarking policy supports Seattle's goals to reduce energy use and greenhouse gas emissions from existing buildings. In 2013, the City of Seattle adopted a Climate Action Plan to achieve zero net greenhouse gas (GHG) emissions by 2050. Annual benchmarking, reporting and disclosing of building performance are foundational elements of creating more market value for energy efficiency.\r\nPer Ordinance (125000), starting with 2015 energy use performance reporting, the City of Seattle will make the data for all building 20,000 SF and larger available annually. This update to the benchmarking mandate was passed by Seattle City Council on February 29, 2016.\r\n\r\nIf you have questions or comments on the data, email us at energybenchmarking@seattle.gov and include Open Data in the subject line.", "displayType": "table", "downloadCount": 2905, "hideFromCatalog": false, "hideFromDataJson": false, "indexUpdatedAt": 1551379229, "licenseId": "PUBLIC_DOMAIN", "newBackend": true, "numberOfComments": 0, "oid": 28249767, "provenance": "official", "publicationAppendEnabled": false, "publicationDate": 1521489624, "publicationGroup": 14152737, "publicationStage": "published", "rowsUpdatedAt": 1521489255, "rowsUpdatedBy": "9yyf-ecsx", "tableId": 14945997, "totalTimesRated": 0, "viewCount": 5220, "viewLastModified": 1618951804, "viewType": "tabular", "approvals": [{"reviewedAt": 1521489624, "reviewedAutomatically": true, "state": "approved", "submissionId": 331106, "submissionObject": "public_audience_request", "submissionOutcome": "change_audience", "submittedAt": 1521489624, "workflowId": 623, "submissionDetails": {"permissionType": "READ"}, "submissionOutcomeApplication": {"failureCount": 0, "status": "success"}, "submitter": {"id": "9yyf-ecsx", "displayName": "Sullivan, Terry"}}], "columns": [{"id": 350402298, "name": "OSEBuildingID", "dataTypeName": "number", "description": "A unique identifier assigned to each property covered by the Seattle Benchmarking Ordinance for tracking and identification purposes.", "fieldName": "seattlebuildingid", "position": 1, "renderTypeName": "number", "tableColumnId": 46302822, "width": 182, "cachedContents": {"largest": "50059", "non_null": 3340, "average": "20522.16826347305", "null": "0", "top": [{"item": "2", "count": "1"}, {"item": "3", "count": "1"}, {"item": "5", "count": "1"}, {"item": "8", "count": "1"}, {"item": "9", "count": "1"}, {"item": "10", "count": "1"}, {"item": "11", "count": "1"}, {"item": "12", "count": "1"}, {"item": "13", "count": "1"}, {"item": "15", "count": "1"}, {"item": "16", "count": "1"}, {"item": "17", "count": "1"}, {"item": "18", "count": "1"}, {"item": "19", "count": "1"}, {"item": "21", "count": "1"}, {"item": "22", "count": "1"}, {"item": "23", "count": "1"}, {"item": "24", "count": "1"}, {"item": "25", "count": "1"}, {"item": "26", "count": "1"}], "smallest": "1", "not_null": "3340", "sum": "68544042", "cardinality": "3340"}, "format": {"precisionStyle": "standard", "noCommas": "true", "align": "right"}}, {"id": 350402299, "name": "DataYear", "dataTypeName": "text", "fieldName": "datayear", "position": 2, "renderTypeName": "text", "tableColumnId": 46302823, "width": 196, "cachedContents": {"largest": "2015", "non_null": 3340, "null": "0", "top": [{"item": "2015", "count": "3340"}], "smallest": "2015", "not_null": "3340", "cardinality": "1"}, "format": {}}, {"id": 350402300, "name": "BuildingType", "dataTypeName": "text", "description": "City of Seattle building type classification.", "fieldName": "buildingtype", "position": 3, "renderTypeName": "text", "tableColumnId": 46302824, "width": 244, "cachedContents": {"largest": "SPS-District K-12", "non_null": 3340, "null": "0", "top": [{"item": "NonResidential", "count": "1461"}, {"item": "Multifamily LR (1-4)", "count": "1029"}, {"item": "Multifamily MR (5-9)", "count": "554"}, {"item": "Multifamily HR (10+)", "count": "107"}, {"item": "SPS-District K-12", "count": "99"}, {"item": "Nonresidential COS", "count": "68"}, {"item": "Campus", "count": "22"}], "smallest": "Campus", "not_null": "3340", "cardinality": "7"}, "format": {"displayStyle": "plain", "align": "left"}}, {"id": 350402301, "name": "PrimaryPropertyType", "dataTypeName": "text", "description": "The primary use of a property (e.g. office, retail store). Primary use is defined as a function that accounts for more than 50% of a property. This is the Property Type - EPA Calculated field from Portfolio Manager.", "fieldName": "primarypropertytype", "position": 4, "renderTypeName": "text", "tableColumnId": 46302825, "width": 328, "cachedContents": {"largest": "Worship Facility", "non_null": 3340, "null": "0", "top": [{"item": "Low-Rise Multifamily", "count": "998"}, {"item": "Mid-Rise Multifamily", "count": "539"}, {"item": "Small- and Mid-Sized Office", "count": "297"}, {"item": "Other", "count": "258"}, {"item": "Non-Refrigerated Warehouse", "count": "187"}, {"item": "Large Office", "count": "171"}, {"item": "K-12 School", "count": "136"}, {"item": "Mixed Use Property", "count": "126"}, {"item": "High-Rise Multifamily", "count": "103"}, {"item": "Retail Store", "count": "100"}, {"item": "Hotel", "count": "73"}, {"item": "Worship Facility", "count": "72"}, {"item": "Distribution Center\n", "count": "51"}, {"item": "Medical Office", "count": "43"}, {"item": "Senior Care Community", "count": "43"}, {"item": "Supermarket/Grocery Store", "count": "36"}, {"item": "Self-Storage Facility\n", "count": "27"}, {"item": "College/University", "count": "22"}, {"item": "Residence Hall/Dormitory", "count": "15"}, {"item": "Refrigerated Warehouse", "count": "13"}], "smallest": "College/University", "not_null": "3340", "cardinality": "27"}, "format": {"displayStyle": "plain", "align": "left"}}, {"id": 350402302, "name": "PropertyName", "dataTypeName": "text", "description": "Official or common property name.", "fieldName": "propertyname", "position": 5, "renderTypeName": "text", "tableColumnId": 46302826, "width": 244, "cachedContents": {"largest": "ZYMOGENETICS-DENDREON", "non_null": 3340, "null": "0", "top": [{"item": "WAREHOUSE", "count": "9"}, {"item": "OFFICE BUILDING", "count": "8"}, {"item": "CLOVERDALE BUSINESS PARK", "count": "5"}, {"item": "APARTMENTS", "count": "4"}, {"item": "KENYON BUSINESS PARK", "count": "3"}, {"item": "CANAL PL OFFICE PARK", "count": "3"}, {"item": "RUDD COMPANY", "count": "3"}, {"item": "BRENTWOOD SQUARE APTS", "count": "3"}, {"item": "PUBLIC STORAGE", "count": "3"}, {"item": "WAREHOUSE/OFFICE", "count": "2"}, {"item": "32 UNIT APT", "count": "2"}, {"item": "MAGNOLIA MANOR", "count": "2"}, {"item": "SALVATION ARMY", "count": "2"}, {"item": "WHSE", "count": "2"}, {"item": "THE SUMMIT", "count": "2"}, {"item": "KEY BANK", "count": "2"}, {"item": "HOME DEPOT", "count": "2"}, {"item": "RETAIL", "count": "2"}, {"item": "NW CORPORATE PARK", "count": "2"}, {"item": "ROOSEVELT APARTMENTS", "count": "2"}], "smallest": "1000 2ND AVENUE BUILDING", "not_null": "3340", "cardinality": "3287"}, "format": {"displayStyle": "plain", "align": "left"}}, {"id": 350402873, "name": "TaxParcelIdentificationNumber", "dataTypeName": "text", "description": "\t\nProperty King County PIN", "fieldName": "taxparcelidentificationnumber", "position": 6, "renderTypeName": "text", "tableColumnId": 46302828, "width": 448, "cachedContents": {"largest": "9835200050", "non_null": 3338, "null": "2", "top": [{"item": "925049346", "count": "5"}, {"item": "2400002", "count": "5"}, {"item": "3224049012", "count": "5"}, {"item": "8632880000", "count": "4"}, {"item": "7666203240", "count": "4"}, {"item": "3624039009", "count": "4"}, {"item": "3224049007", "count": "3"}, {"item": "6392001040", "count": "3"}, {"item": "1985200003", "count": "3"}, {"item": "5036300605", "count": "3"}, {"item": "8809700040", "count": "3"}, {"item": "164000222", "count": "3"}, {"item": "3573200250", "count": "3"}, {"item": "939000300", "count": "3"}, {"item": "7954000005", "count": "3"}, {"item": "2025049007", "count": "3"}, {"item": "225049077", "count": "3"}, {"item": "5036300165", "count": "2"}, {"item": "8900000555", "count": "2"}, {"item": "7933000005", "count": "2"}], "smallest": "1004500000", "not_null": "3338", "cardinality": "3245"}, "format": {"precisionStyle": "standard", "noCommas": "true", "align": "right"}}, {"id": 350402305, "name": "Location", "dataTypeName": "location", "fieldName": "location", "position": 7, "renderTypeName": "location", "tableColumnId": 46302864, "width": 384, "format": {"view": "address", "align": "left"}}, {"id": 350402306, "name": "CouncilDistrictCode", "dataTypeName": "number", "description": "Property City of Seattle council district.", "fieldName": "councildistrictcode", "position": 12, "renderTypeName": "number", "tableColumnId": 46302829, "width": 328, "cachedContents": {"largest": "7", "non_null": 3340, "average": "4.450898203592814", "null": "0", "top": [{"item": "7", "count": "1037"}, {"item": "3", "count": "584"}, {"item": "2", "count": "507"}, {"item": "4", "count": "344"}, {"item": "5", "count": "343"}, {"item": "1", "count": "280"}, {"item": "6", "count": "245"}], "smallest": "1", "not_null": "3340", "sum": "14866", "cardinality": "7"}, "format": {"precisionStyle": "standard", "noCommas": "false", "align": "right"}}, {"id": 350402307, "name": "Neighborhood", "dataTypeName": "text", "fieldName": "neighborhood", "position": 13, "renderTypeName": "text", "tableColumnId": 46302830, "width": 244, "cachedContents": {"largest": "SOUTHWEST", "non_null": 3340, "null": "0", "top": [{"item": "DOWNTOWN", "count": "578"}, {"item": "EAST", "count": "444"}, {"item": "MAGNOLIA / QUEEN ANNE", "count": "420"}, {"item": "GREATER DUWAMISH", "count": "369"}, {"item": "NORTHEAST", "count": "259"}, {"item": "LAKE UNION", "count": "249"}, {"item": "NORTHWEST", "count": "226"}, {"item": "NORTH", "count": "188"}, {"item": "SOUTHWEST", "count": "165"}, {"item": "CENTRAL", "count": "131"}, {"item": "BALLARD", "count": "130"}, {"item": "SOUTHEAST", "count": "96"}, {"item": "DELRIDGE", "count": "85"}], "smallest": "BALLARD", "not_null": "3340", "cardinality": "13"}, "format": {}}, {"id": 350402308, "name": "YearBuilt", "dataTypeName": "number", "description": "Year in which a property was constructed or underwent a complete renovation.", "fieldName": "yearbuilt", "position": 14, "renderTypeName": "number", "tableColumnId": 46302831, "width": 208, "cachedContents": {"largest": "2015", "non_null": 3340, "average": "1967.624850299401", "null": "0", "top": [{"item": "2000", "count": "72"}, {"item": "2008", "count": "69"}, {"item": "1989", "count": "67"}, {"item": "1999", "count": "65"}, {"item": "1968", "count": "65"}, {"item": "1988", "count": "64"}, {"item": "2001", "count": "61"}, {"item": "1990", "count": "60"}, {"item": "2002", "count": "60"}, {"item": "1910", "count": "58"}, {"item": "1969", "count": "56"}, {"item": "1970", "count": "56"}, {"item": "1900", "count": "56"}, {"item": "1979", "count": "55"}, {"item": "1928", "count": "54"}, {"item": "1925", "count": "53"}, {"item": "2014", "count": "51"}, {"item": "1960", "count": "49"}, {"item": "2013", "count": "49"}, {"item": "1980", "count": "49"}], "smallest": "1900", "not_null": "3340", "sum": "6571867", "cardinality": "113"}, "format": {"precisionStyle": "standard", "noCommas": "true", "align": "right"}}, {"id": 350402309, "name": "NumberofBuildings", "dataTypeName": "number", "fieldName": "numberofbuildings", "position": 15, "renderTypeName": "number", "tableColumnId": 46302832, "width": 304, "cachedContents": {"largest": "39", "non_null": 3340, "average": "1.035628742514970", "null": "0", "top": [{"item": "1", "count": "3321"}, {"item": "2", "count": "5"}, {"item": "6", "count": "3"}, {"item": "7", "count": "3"}, {"item": "3", "count": "3"}, {"item": "4", "count": "1"}, {"item": "10", "count": "1"}, {"item": "11", "count": "1"}, {"item": "16", "count": "1"}, {"item": "39", "count": "1"}], "smallest": "1", "not_null": "3340", "sum": "3459", "cardinality": "10"}, "format": {}}, {"id": 350402310, "name": "NumberofFloors", "dataTypeName": "number", "fieldName": "numberoffloors", "position": 16, "renderTypeName": "number", "tableColumnId": 46302833, "width": 268, "cachedContents": {"largest": "99", "non_null": 3332, "average": "4.682172869147659", "null": "8", "top": [{"item": "3", "count": "701"}, {"item": "4", "count": "700"}, {"item": "1", "count": "451"}, {"item": "2", "count": "444"}, {"item": "6", "count": "299"}, {"item": "5", "count": "289"}, {"item": "7", "count": "133"}, {"item": "8", "count": "60"}, {"item": "11", "count": "32"}, {"item": "10", "count": "31"}, {"item": "13", "count": "20"}, {"item": "9", "count": "18"}, {"item": "12", "count": "18"}, {"item": "14", "count": "12"}, {"item": "17", "count": "9"}, {"item": "15", "count": "8"}, {"item": "24", "count": "7"}, {"item": "16", "count": "7"}, {"item": "18", "count": "7"}, {"item": "19", "count": "6"}], "smallest": "0", "not_null": "3332", "sum": "15601", "cardinality": "50"}, "format": {}}, {"id": 350402311, "name": "PropertyGFATotal", "dataTypeName": "number", "description": "Total building and parking gross floor area.", "fieldName": "propertygfatotal", "position": 17, "renderTypeName": "number", "tableColumnId": 46302834, "width": 292, "cachedContents": {"largest": "2200000", "non_null": 3340, "average": "90772.89281437126", "null": "0", "top": [{"item": "21600", "count": "9"}, {"item": "36000", "count": "8"}, {"item": "25920", "count": "8"}, {"item": "28800", "count": "7"}, {"item": "24000", "count": "6"}, {"item": "30720", "count": "4"}, {"item": "22320", "count": "4"}, {"item": "30240", "count": "4"}, {"item": "43380", "count": "3"}, {"item": "23100", "count": "3"}, {"item": "21200", "count": "3"}, {"item": "33300", "count": "3"}, {"item": "25380", "count": "3"}, {"item": "25200", "count": "3"}, {"item": "90000", "count": "3"}, {"item": "31900", "count": "3"}, {"item": "30000", "count": "3"}, {"item": "24288", "count": "3"}, {"item": "25800", "count": "3"}, {"item": "43228", "count": "3"}], "smallest": "20000", "not_null": "3340", "sum": "303181462", "cardinality": "3150"}, "format": {"precisionStyle": "standard", "noCommas": "false", "align": "right"}}, {"id": 350402312, "name": "PropertyGFAParking", "dataTypeName": "number", "description": "Total space in square feet of all types of parking (Fully Enclosed, Partially Enclosed, and Open).", "fieldName": "propertygfaparking", "position": 18, "renderTypeName": "number", "tableColumnId": 46302835, "width": 316, "cachedContents": {"largest": "512608", "non_null": 3340, "average": "11054.03233532934", "null": "0", "top": [{"item": "0", "count": "2416"}, {"item": "25920", "count": "3"}, {"item": "13320", "count": "3"}, {"item": "12960", "count": "2"}, {"item": "10800", "count": "2"}, {"item": "6034", "count": "2"}, {"item": "20416", "count": "2"}, {"item": "30000", "count": "2"}, {"item": "25800", "count": "2"}, {"item": "22000", "count": "2"}, {"item": "11544", "count": "2"}, {"item": "100176", "count": "2"}, {"item": "3000", "count": "2"}, {"item": "24000", "count": "2"}, {"item": "12044", "count": "2"}, {"item": "6300", "count": "2"}, {"item": "1496", "count": "1"}, {"item": "1559", "count": "1"}, {"item": "1730", "count": "1"}, {"item": "1774", "count": "1"}], "smallest": "-3", "not_null": "3340", "sum": "36920468", "cardinality": "908"}, "format": {"precisionStyle": "standard", "noCommas": "false", "align": "right"}}, {"id": 350402313, "name": "PropertyGFABuilding(s)", "dataTypeName": "number", "description": "Total floor space in square feet between the outside surfaces of a building\u2019s enclosing walls. This includes all areas inside the building(s), such as tenant space, common areas, stairwells, basements, storage, etc.", "fieldName": "propertygfabuilding_s", "position": 19, "renderTypeName": "number", "tableColumnId": 46302836, "width": 364, "cachedContents": {"largest": "2200000", "non_null": 3340, "average": "79718.86047904192", "null": "0", "top": [{"item": "21600", "count": "9"}, {"item": "25920", "count": "8"}, {"item": "36000", "count": "7"}, {"item": "28800", "count": "7"}, {"item": "24000", "count": "6"}, {"item": "30720", "count": "4"}, {"item": "22320", "count": "4"}, {"item": "23100", "count": "3"}, {"item": "21200", "count": "3"}, {"item": "22344", "count": "3"}, {"item": "25200", "count": "3"}, {"item": "30000", "count": "3"}, {"item": "24288", "count": "3"}, {"item": "33300", "count": "3"}, {"item": "21900", "count": "3"}, {"item": "30240", "count": "3"}, {"item": "20000", "count": "3"}, {"item": "25800", "count": "3"}, {"item": "24100", "count": "2"}, {"item": "40800", "count": "2"}], "smallest": "-50550", "not_null": "3340", "sum": "266260994", "cardinality": "3145"}, "format": {"precisionStyle": "standard", "noCommas": "false", "align": "right"}}, {"id": 350402314, "name": "ListOfAllPropertyUseTypes", "dataTypeName": "text", "fieldName": "listofallpropertyusetypes", "position": 20, "renderTypeName": "text", "tableColumnId": 46302837, "width": 400, "cachedContents": {"largest": "Worship Facility", "non_null": 3213, "null": "127", "top": [{"item": "Multifamily Housing", "count": "862"}, {"item": "Multifamily Housing, Parking", "count": "406"}, {"item": "K-12 School", "count": "133"}, {"item": "Office", "count": "132"}, {"item": "Office, Parking", "count": "112"}, {"item": "Non-Refrigerated Warehouse", "count": "98"}, {"item": "Other", "count": "62"}, {"item": "Non-Refrigerated Warehouse, Office", "count": "60"}, {"item": "Retail Store", "count": "53"}, {"item": "Multifamily Housing, Parking, Retail Store", "count": "52"}, {"item": "Multifamily Housing, Retail Store", "count": "52"}, {"item": "Worship Facility", "count": "48"}, {"item": "Office, Retail Store", "count": "42"}, {"item": "Multifamily Housing, Office, Parking", "count": "39"}, {"item": "Hotel", "count": "36"}, {"item": "Multifamily Housing, Office", "count": "24"}, {"item": "Medical Office", "count": "23"}, {"item": "Distribution Center", "count": "23"}, {"item": "Self-Storage Facility", "count": "23"}, {"item": "Supermarket/Grocery Store", "count": "20"}], "smallest": "Adult Education", "not_null": "3213", "cardinality": "442"}, "format": {}}, {"id": 350402315, "name": "LargestPropertyUseType", "dataTypeName": "text", "fieldName": "largestpropertyusetype", "position": 21, "renderTypeName": "text", "tableColumnId": 46302838, "width": 364, "cachedContents": {"largest": "Worship Facility", "non_null": 3204, "null": "136", "top": [{"item": "Multifamily Housing", "count": "1598"}, {"item": "Office", "count": "479"}, {"item": "Non-Refrigerated Warehouse", "count": "194"}, {"item": "K-12 School", "count": "136"}, {"item": "Other", "count": "104"}, {"item": "Retail Store", "count": "99"}, {"item": "Worship Facility", "count": "70"}, {"item": "Hotel", "count": "68"}, {"item": "Distribution Center", "count": "52"}, {"item": "Medical Office", "count": "43"}, {"item": "Senior Care Community", "count": "42"}, {"item": "Supermarket/Grocery Store", "count": "37"}, {"item": "Parking", "count": "28"}, {"item": "Self-Storage Facility", "count": "27"}, {"item": "College/University", "count": "21"}, {"item": "Other - Recreation", "count": "20"}, {"item": "Other - Entertainment/Public Assembly", "count": "20"}, {"item": "Residence Hall/Dormitory", "count": "16"}, {"item": "Refrigerated Warehouse", "count": "12"}, {"item": "Restaurant", "count": "12"}], "smallest": "Adult Education", "not_null": "3204", "cardinality": "56"}, "format": {}}, {"id": 350402316, "name": "LargestPropertyUseTypeGFA", "dataTypeName": "number", "fieldName": "largestpropertyusetypegfa", "position": 22, "renderTypeName": "number", "tableColumnId": 46302839, "width": 400, "cachedContents": {"largest": "1719643", "non_null": 3204, "average": "74881.54182272160", "null": "136", "top": [{"item": "22000", "count": "9"}, {"item": "24000", "count": "9"}, {"item": "20000", "count": "8"}, {"item": "21600", "count": "8"}, {"item": "30000", "count": "8"}, {"item": "25000", "count": "6"}, {"item": "60000", "count": "5"}, {"item": "24288", "count": "5"}, {"item": "15000", "count": "5"}, {"item": "28800", "count": "5"}, {"item": "12000", "count": "4"}, {"item": "32000", "count": "4"}, {"item": "21000", "count": "4"}, {"item": "36000", "count": "4"}, {"item": "37000", "count": "4"}, {"item": "24600", "count": "4"}, {"item": "65000", "count": "4"}, {"item": "45000", "count": "4"}, {"item": "35000", "count": "4"}, {"item": "14400", "count": "3"}], "smallest": "5872", "not_null": "3204", "sum": "239920460", "cardinality": "2979"}, "format": {}}, {"id": 350402317, "name": "SecondLargestPropertyUseType", "dataTypeName": "text", "fieldName": "secondlargestpropertyusetype", "position": 23, "renderTypeName": "text", "tableColumnId": 46302840, "width": 436, "cachedContents": {"largest": "Worship Facility", "non_null": 1559, "null": "1781", "top": [{"item": "Parking", "count": "881"}, {"item": "Office", "count": "204"}, {"item": "Retail Store", "count": "155"}, {"item": "Other", "count": "57"}, {"item": "Restaurant", "count": "43"}, {"item": "Non-Refrigerated Warehouse", "count": "35"}, {"item": "Multifamily Housing", "count": "16"}, {"item": "Supermarket/Grocery Store", "count": "14"}, {"item": "Data Center", "count": "13"}, {"item": "Other - Services", "count": "12"}, {"item": "Medical Office", "count": "12"}, {"item": "Fitness Center/Health Club/Gym", "count": "10"}, {"item": "Other - Entertainment/Public Assembly", "count": "9"}, {"item": "Swimming Pool", "count": "8"}, {"item": "Distribution Center", "count": "7"}, {"item": "K-12 School", "count": "6"}, {"item": "Bank Branch", "count": "6"}, {"item": "Laboratory", "count": "6"}, {"item": "Other - Restaurant/Bar", "count": "5"}, {"item": "Self-Storage Facility", "count": "5"}], "smallest": "Adult Education", "not_null": "1559", "cardinality": "47"}, "format": {}}, {"id": 350402318, "name": "SecondLargestPropertyUseTypeGFA", "dataTypeName": "number", "fieldName": "secondlargestpropertyusetypegfa", "position": 24, "renderTypeName": "number", "tableColumnId": 46302841, "width": 472, "cachedContents": {"largest": "686750", "non_null": 1559, "average": "27675.64656831302", "null": "1781", "top": [{"item": "0", "count": "111"}, {"item": "5000", "count": "13"}, {"item": "7200", "count": "13"}, {"item": "6000", "count": "12"}, {"item": "15000", "count": "10"}, {"item": "4000", "count": "8"}, {"item": "7000", "count": "8"}, {"item": "10000", "count": "7"}, {"item": "8000", "count": "6"}, {"item": "18000", "count": "5"}, {"item": "4500", "count": "5"}, {"item": "1500", "count": "5"}, {"item": "20000", "count": "4"}, {"item": "12000", "count": "4"}, {"item": "3500", "count": "4"}, {"item": "30000", "count": "4"}, {"item": "9000", "count": "4"}, {"item": "2500", "count": "4"}, {"item": "7500", "count": "4"}, {"item": "6300", "count": "4"}], "smallest": "0", "not_null": "1559", "sum": "43146333", "cardinality": "1270"}, "format": {}}, {"id": 350402319, "name": "ThirdLargestPropertyUseType", "dataTypeName": "text", "fieldName": "thirdlargestpropertyusetype", "position": 25, "renderTypeName": "text", "tableColumnId": 46302842, "width": 424, "cachedContents": {"largest": "Worship Facility", "non_null": 560, "null": "2780", "top": [{"item": "Retail Store", "count": "107"}, {"item": "Office", "count": "100"}, {"item": "Parking", "count": "64"}, {"item": "Restaurant", "count": "54"}, {"item": "Other", "count": "53"}, {"item": "Swimming Pool", "count": "25"}, {"item": "Non-Refrigerated Warehouse", "count": "18"}, {"item": "Medical Office", "count": "17"}, {"item": "Social/Meeting Hall", "count": "11"}, {"item": "Food Service", "count": "11"}, {"item": "Data Center", "count": "10"}, {"item": "Multifamily Housing", "count": "10"}, {"item": "Other - Restaurant/Bar", "count": "8"}, {"item": "Bank Branch", "count": "6"}, {"item": "Financial Office", "count": "5"}, {"item": "Other - Entertainment/Public Assembly", "count": "5"}, {"item": "Fitness Center/Health Club/Gym", "count": "4"}, {"item": "Personal Services (Health/Beauty, Dry Cleaning, etc)", "count": "4"}, {"item": "Pre-school/Daycare", "count": "4"}, {"item": "Supermarket/Grocery Store", "count": "3"}], "smallest": "Bank Branch", "not_null": "560", "cardinality": "41"}, "format": {}}, {"id": 350402320, "name": "ThirdLargestPropertyUseTypeGFA", "dataTypeName": "number", "fieldName": "thirdlargestpropertyusetypegfa", "position": 26, "renderTypeName": "number", "tableColumnId": 46302843, "width": 460, "cachedContents": {"largest": "303910", "non_null": 560, "average": "10755.70892857143", "null": "2780", "top": [{"item": "0", "count": "44"}, {"item": "6000", "count": "7"}, {"item": "5000", "count": "6"}, {"item": "3000", "count": "5"}, {"item": "2000", "count": "4"}, {"item": "1000", "count": "4"}, {"item": "2500", "count": "3"}, {"item": "9000", "count": "3"}, {"item": "1500", "count": "3"}, {"item": "6200", "count": "3"}, {"item": "1250", "count": "3"}, {"item": "4000", "count": "3"}, {"item": "4500", "count": "2"}, {"item": "4579", "count": "2"}, {"item": "4596", "count": "2"}, {"item": "7000", "count": "2"}, {"item": "3700", "count": "2"}, {"item": "9100", "count": "2"}, {"item": "3400", "count": "2"}, {"item": "7200", "count": "2"}], "smallest": "0", "not_null": "560", "sum": "6023197", "cardinality": "474"}, "format": {}}, {"id": 350402321, "name": "YearsENERGYSTARCertified", "dataTypeName": "text", "fieldName": "yearsenergystarcertified", "position": 27, "renderTypeName": "text", "tableColumnId": 46302844, "width": 388, "cachedContents": {"largest": "2017, 2016, 2014, 2013, 2012, 2011, 2010, 2009, 2007", "non_null": 110, "null": "3230", "top": [{"item": "2016", "count": "20"}, {"item": "2016, 2015", "count": "8"}, {"item": "2014", "count": "6"}, {"item": "2009", "count": "4"}, {"item": "2013", "count": "3"}, {"item": "2016, 2015, 2014", "count": "3"}, {"item": "2015", "count": "3"}, {"item": "2015, 2014", "count": "3"}, {"item": "2011, 2009", "count": "2"}, {"item": "2016, 2009, 2008", "count": "2"}, {"item": "2017", "count": "2"}, {"item": "2009, 2005", "count": "2"}, {"item": "2017, 2015", "count": "2"}, {"item": "2010", "count": "2"}, {"item": "2011", "count": "2"}, {"item": "2015, 2014, 2012, 2011, 2009", "count": "1"}, {"item": "2015, 2014, 2013, 2011, 2009, 2008", "count": "1"}, {"item": "2016, 2011, 2010, 2009", "count": "1"}, {"item": "2016, 2012", "count": "1"}, {"item": "2016, 2013, 2012, 2011, 2010, 2009, 2008", "count": "1"}], "smallest": "2007", "not_null": "110", "cardinality": "61"}, "format": {}}, {"id": 350402322, "name": "ENERGYSTARScore", "dataTypeName": "number", "description": "An EPA calculated 1-100 rating that assesses a property\u2019s overall energy performance, based on national data to control for differences among climate, building uses, and operations. A score of 50 represents the national median.", "fieldName": "energystarscore", "position": 28, "renderTypeName": "number", "tableColumnId": 46302845, "width": 280, "cachedContents": {"largest": "100.00", "non_null": 2560, "average": "67.894140625", "null": "780", "top": [{"item": "100.00", "count": "106"}, {"item": "95.00", "count": "79"}, {"item": "94.00", "count": "70"}, {"item": "97.00", "count": "60"}, {"item": "99", "count": "59"}, {"item": "93.00", "count": "56"}, {"item": "81.00", "count": "56"}, {"item": "98.00", "count": "54"}, {"item": "89.00", "count": "54"}, {"item": "86.00", "count": "52"}, {"item": "85.00", "count": "52"}, {"item": "91.00", "count": "51"}, {"item": "92.00", "count": "50"}, {"item": "88.00", "count": "49"}, {"item": "83", "count": "48"}, {"item": "84.00", "count": "46"}, {"item": "77.00", "count": "44"}, {"item": "90.00", "count": "44"}, {"item": "79.00", "count": "43"}, {"item": "1", "count": "42"}], "smallest": "1.00", "not_null": "2560", "sum": "173809.00", "cardinality": "100"}, "format": {"precisionStyle": "standard", "noCommas": "false", "align": "right"}}, {"id": 350402323, "name": "SiteEUI(kBtu/sf)", "dataTypeName": "number", "description": "Site Energy Use Intensity (EUI) is a property's Site Energy Use divided by its gross floor area. Site Energy Use is the annual amount of all the energy consumed by the property on-site, as reported on utility bills. Site EUI is measured in thousands of British thermal units (kBtu) per square foot.", "fieldName": "siteeui_kbtu_sf", "position": 29, "renderTypeName": "number", "tableColumnId": 46302846, "width": 292, "cachedContents": {"largest": "800.60", "non_null": 3330, "average": "53.62612612612613", "null": "10", "top": [{"item": "27.20", "count": "18"}, {"item": "28.50", "count": "16"}, {"item": "29.30", "count": "16"}, {"item": "29.60", "count": "16"}, {"item": "24.70", "count": "15"}, {"item": "29.80", "count": "15"}, {"item": "27.90", "count": "15"}, {"item": "30.40", "count": "14"}, {"item": "28.90", "count": "14"}, {"item": "27.80", "count": "13"}, {"item": "26.80", "count": "13"}, {"item": "26.30", "count": "13"}, {"item": "31.40", "count": "12"}, {"item": "27.00", "count": "12"}, {"item": "31.00", "count": "12"}, {"item": "37.30", "count": "12"}, {"item": "32.40", "count": "12"}, {"item": "26.00", "count": "12"}, {"item": "25.30", "count": "12"}, {"item": "25.10", "count": "12"}], "smallest": "0.00", "not_null": "3330", "sum": "178575.00", "cardinality": "1072"}, "format": {"precisionStyle": "standard", "noCommas": "false", "align": "right"}}, {"id": 350402324, "name": "SiteEUIWN(kBtu/sf)", "dataTypeName": "number", "description": "\t\nWeather Normalized (WN) Site Energy Use Intensity (EUI) is a property's WN Site Energy divided by its gross floor area (in square feet). WN Site Energy is the Site Energy Use the property would have consumed during 30-year average weather conditions. WN Site EUI is measured in measured in thousands of British thermal units (kBtu) per square foot.", "fieldName": "siteeuiwn_kbtu_sf", "position": 30, "renderTypeName": "number", "tableColumnId": 46302847, "width": 316, "cachedContents": {"largest": "800.60", "non_null": 3330, "average": "57.58654654654655", "null": "10", "top": [{"item": "29.60", "count": "15"}, {"item": "29.70", "count": "15"}, {"item": "25.00", "count": "14"}, {"item": "32.30", "count": "14"}, {"item": "26.50", "count": "14"}, {"item": "29.80", "count": "14"}, {"item": "30.50", "count": "14"}, {"item": "30.60", "count": "13"}, {"item": "35.90", "count": "13"}, {"item": "29.30", "count": "13"}, {"item": "32.70", "count": "13"}, {"item": "28.30", "count": "12"}, {"item": "39.30", "count": "12"}, {"item": "33.00", "count": "12"}, {"item": "31.40", "count": "12"}, {"item": "30.40", "count": "12"}, {"item": "29.00", "count": "12"}, {"item": "0.00", "count": "12"}, {"item": "27.20", "count": "12"}, {"item": "26.00", "count": "12"}], "smallest": "0.00", "not_null": "3330", "sum": "191763.20", "cardinality": "1115"}, "format": {"precisionStyle": "standard", "noCommas": "false", "align": "right"}}, {"id": 350402325, "name": "SourceEUI(kBtu/sf)", "dataTypeName": "number", "description": "Source Energy Use Intensity (EUI) is a property's Source Energy Use divided by its gross floor area. Source Energy Use is the annual energy used to operate the property, including losses from generation, transmission, & distribution. Source EUI is measured in thousands of British thermal units (kBtu) per square foot.", "fieldName": "sourceeui_kbtu_sf", "position": 31, "renderTypeName": "number", "tableColumnId": 46302848, "width": 316, "cachedContents": {"largest": "2511.10", "non_null": 3330, "average": "132.7797297297297", "null": "10", "top": [{"item": "65.70", "count": "9"}, {"item": "81.30", "count": "9"}, {"item": "78.40", "count": "9"}, {"item": "68.40", "count": "9"}, {"item": "78.60", "count": "9"}, {"item": "74.70", "count": "8"}, {"item": "100.10", "count": "8"}, {"item": "83.60", "count": "8"}, {"item": "81.40", "count": "8"}, {"item": "93.00", "count": "8"}, {"item": "75.20", "count": "8"}, {"item": "69.40", "count": "8"}, {"item": "69.50", "count": "7"}, {"item": "105.20", "count": "7"}, {"item": "85.60", "count": "7"}, {"item": "79.10", "count": "7"}, {"item": "85.40", "count": "7"}, {"item": "94.10", "count": "7"}, {"item": "66.60", "count": "7"}, {"item": "84.70", "count": "7"}], "smallest": "-2.00", "not_null": "3330", "sum": "442156.50", "cardinality": "1673"}, "format": {"precisionStyle": "standard", "noCommas": "false", "align": "right"}}, {"id": 350402326, "name": "SourceEUIWN(kBtu/sf)", "dataTypeName": "number", "description": "Weather Normalized (WN) Source Energy Use Intensity (EUI) is a property's WN Source Energy divided by its gross floor area. WN Source Energy is the Source Energy Use the property would have consumed during 30-year average weather conditions. WN Source EUI is measured in measured in thousands of British thermal units (kBtu) per square foot.", "fieldName": "sourceeuiwn_kbtu_sf", "position": 32, "renderTypeName": "number", "tableColumnId": 46302849, "width": 340, "cachedContents": {"largest": "2511.00", "non_null": 3330, "average": "138.9360360360360", "null": "10", "top": [{"item": "0.00", "count": "12"}, {"item": "99.00", "count": "9"}, {"item": "84.80", "count": "8"}, {"item": "80.00", "count": "8"}, {"item": "90.80", "count": "8"}, {"item": "93.00", "count": "8"}, {"item": "80.90", "count": "8"}, {"item": "73.30", "count": "8"}, {"item": "107.30", "count": "8"}, {"item": "101.80", "count": "8"}, {"item": "85.90", "count": "8"}, {"item": "104.30", "count": "8"}, {"item": "92.80", "count": "7"}, {"item": "93.10", "count": "7"}, {"item": "76.00", "count": "7"}, {"item": "74.60", "count": "7"}, {"item": "73.90", "count": "7"}, {"item": "94.30", "count": "7"}, {"item": "123.30", "count": "7"}, {"item": "80.30", "count": "7"}], "smallest": "-2.00", "not_null": "3330", "sum": "462657.00", "cardinality": "1687"}, "format": {"precisionStyle": "standard", "noCommas": "false", "align": "right"}}, {"id": 350402327, "name": "SiteEnergyUse(kBtu)", "dataTypeName": "number", "description": "\t\nThe annual amount of energy consumed by the property from all sources of energy.", "fieldName": "siteenergyuse_kbtu", "position": 33, "renderTypeName": "number", "tableColumnId": 46302850, "width": 328, "cachedContents": {"largest": "295812640", "non_null": 3330, "average": "4983106.046246246", "null": "10", "top": [{"item": "0", "count": "2"}, {"item": "2074152", "count": "2"}, {"item": "767213", "count": "2"}, {"item": "784584", "count": "2"}, {"item": "53401", "count": "1"}, {"item": "56493", "count": "1"}, {"item": "17150", "count": "1"}, {"item": "93802", "count": "1"}, {"item": "43943", "count": "1"}, {"item": "93851", "count": "1"}, {"item": "94186", "count": "1"}, {"item": "95544", "count": "1"}, {"item": "108795", "count": "1"}, {"item": "109014", "count": "1"}, {"item": "131810", "count": "1"}, {"item": "91996", "count": "1"}, {"item": "194839", "count": "1"}, {"item": "132105", "count": "1"}, {"item": "133880", "count": "1"}, {"item": "142873", "count": "1"}], "smallest": "0", "not_null": "3330", "sum": "16593743134", "cardinality": "3326"}, "format": {"precisionStyle": "standard", "noCommas": "false", "align": "right"}}, {"id": 350402328, "name": "SiteEnergyUseWN(kBtu)", "dataTypeName": "number", "fieldName": "siteenergyusewn_kbtu", "position": 34, "renderTypeName": "number", "tableColumnId": 46302851, "width": 352, "cachedContents": {"largest": "297740960", "non_null": 3330, "average": "5203054.860960961", "null": "10", "top": [{"item": "0", "count": "12"}, {"item": "17150", "count": "1"}, {"item": "764018", "count": "1"}, {"item": "43943", "count": "1"}, {"item": "55113", "count": "1"}, {"item": "82824", "count": "1"}, {"item": "607233", "count": "1"}, {"item": "93851", "count": "1"}, {"item": "94186", "count": "1"}, {"item": "95544", "count": "1"}, {"item": "100020", "count": "1"}, {"item": "122156", "count": "1"}, {"item": "124583", "count": "1"}, {"item": "125753", "count": "1"}, {"item": "489528", "count": "1"}, {"item": "131810", "count": "1"}, {"item": "132105", "count": "1"}, {"item": "142873", "count": "1"}, {"item": "151376", "count": "1"}, {"item": "161886", "count": "1"}], "smallest": "0", "not_null": "3330", "sum": "17326172687", "cardinality": "3319"}, "format": {}}, {"id": 350402329, "name": "SteamUse(kBtu)", "dataTypeName": "number", "description": "The annual amount of district steam consumed by the property on-site, measured in thousands of British thermal units (kBtu).", "fieldName": "steamuse_kbtu", "position": 35, "renderTypeName": "number", "tableColumnId": 46302852, "width": 268, "cachedContents": {"largest": "127869744", "non_null": 3330, "average": "250285.0759759760", "null": "10", "top": [{"item": "0", "count": "3200"}, {"item": "14089", "count": "1"}, {"item": "138504", "count": "1"}, {"item": "162514", "count": "1"}, {"item": "184557", "count": "1"}, {"item": "208000", "count": "1"}, {"item": "216792", "count": "1"}, {"item": "232000", "count": "1"}, {"item": "296619", "count": "1"}, {"item": "305664", "count": "1"}, {"item": "310440", "count": "1"}, {"item": "312366", "count": "1"}, {"item": "368153", "count": "1"}, {"item": "372528", "count": "1"}, {"item": "383274", "count": "1"}, {"item": "448146", "count": "1"}, {"item": "456687", "count": "1"}, {"item": "486182", "count": "1"}, {"item": "505677", "count": "1"}, {"item": "509178", "count": "1"}], "smallest": "0", "not_null": "3330", "sum": "833449303", "cardinality": "131"}, "format": {"precisionStyle": "standard", "noCommas": "false", "align": "right"}}, {"id": 350402330, "name": "Electricity(kWh)", "dataTypeName": "number", "description": "\t\nThe annual amount of electricity consumed by the property on-site, including electricity purchased from the grid and generated by onsite renewable systems, measured in kWh.", "fieldName": "electricity_kwh", "position": 36, "renderTypeName": "number", "tableColumnId": 46302853, "width": 292, "cachedContents": {"largest": "83445048", "non_null": 3330, "average": "1017897.224924925", "null": "10", "top": [{"item": "0", "count": "2"}, {"item": "221628", "count": "2"}, {"item": "340715", "count": "2"}, {"item": "1929", "count": "1"}, {"item": "5026", "count": "1"}, {"item": "7071", "count": "1"}, {"item": "3353", "count": "1"}, {"item": "11440", "count": "1"}, {"item": "12500", "count": "1"}, {"item": "12879", "count": "1"}, {"item": "14916", "count": "1"}, {"item": "15651", "count": "1"}, {"item": "19015", "count": "1"}, {"item": "20217", "count": "1"}, {"item": "21894", "count": "1"}, {"item": "30438", "count": "1"}, {"item": "22039", "count": "1"}, {"item": "22070", "count": "1"}, {"item": "22296", "count": "1"}, {"item": "24639", "count": "1"}], "smallest": "0", "not_null": "3330", "sum": "3389597759", "cardinality": "3327"}, "format": {"precisionStyle": "standard", "noCommas": "false", "align": "right"}}, {"id": 350402331, "name": "Electricity(kBtu)", "dataTypeName": "number", "description": "\t\nThe annual amount of electricity consumed by the property on-site, including electricity purchased from the grid and generated by onsite renewable systems, measured in thousands of British thermal units (kBtu).", "fieldName": "electricity_kbtu", "position": 37, "renderTypeName": "number", "tableColumnId": 46302854, "width": 304, "cachedContents": {"largest": "284726322", "non_null": 3330, "average": "3473209.381081081", "null": "10", "top": [{"item": "0", "count": "2"}, {"item": "6581", "count": "1"}, {"item": "497152", "count": "1"}, {"item": "11442", "count": "1"}, {"item": "17150", "count": "1"}, {"item": "24127", "count": "1"}, {"item": "329910", "count": "1"}, {"item": "39033", "count": "1"}, {"item": "42652", "count": "1"}, {"item": "43945", "count": "1"}, {"item": "50897", "count": "1"}, {"item": "53404", "count": "1"}, {"item": "64880", "count": "1"}, {"item": "68982", "count": "1"}, {"item": "228142", "count": "1"}, {"item": "74704", "count": "1"}, {"item": "75200", "count": "1"}, {"item": "75306", "count": "1"}, {"item": "76078", "count": "1"}, {"item": "84073", "count": "1"}], "smallest": "0", "not_null": "3330", "sum": "11565787239", "cardinality": "3329"}, "format": {"precisionStyle": "standard", "noCommas": "false", "align": "right"}}, {"id": 350402332, "name": "NaturalGas(therms)", "dataTypeName": "number", "description": "The annual amount of utility-supplied natural gas consumed by the property, measured in therms.", "fieldName": "naturalgas_therms", "position": 38, "renderTypeName": "number", "tableColumnId": 46302855, "width": 316, "cachedContents": {"largest": "1364484", "non_null": 3330, "average": "12533.04474474474", "null": "10", "top": [{"item": "0", "count": "1256"}, {"item": "7584", "count": "3"}, {"item": "2", "count": "3"}, {"item": "10", "count": "3"}, {"item": "4789", "count": "3"}, {"item": "865", "count": "2"}, {"item": "8856", "count": "2"}, {"item": "12923", "count": "2"}, {"item": "3019", "count": "2"}, {"item": "7426", "count": "2"}, {"item": "3229", "count": "2"}, {"item": "417", "count": "2"}, {"item": "6819", "count": "2"}, {"item": "6880", "count": "2"}, {"item": "11794", "count": "2"}, {"item": "5088", "count": "2"}, {"item": "1092", "count": "2"}, {"item": "3479", "count": "2"}, {"item": "1", "count": "2"}, {"item": "23334", "count": "2"}], "smallest": "0", "not_null": "3330", "sum": "41735039", "cardinality": "1995"}, "format": {"precisionStyle": "standard", "noCommas": "false", "align": "right"}}, {"id": 350402333, "name": "NaturalGas(kBtu)", "dataTypeName": "number", "fieldName": "naturalgas_kbtu", "position": 39, "renderTypeName": "number", "tableColumnId": 46302856, "width": 292, "cachedContents": {"largest": "136448438", "non_null": 3330, "average": "1253304.191591592", "null": "10", "top": [{"item": "0", "count": "1256"}, {"item": "220582", "count": "2"}, {"item": "92348", "count": "2"}, {"item": "122", "count": "1"}, {"item": "222", "count": "1"}, {"item": "279", "count": "1"}, {"item": "221", "count": "1"}, {"item": "435", "count": "1"}, {"item": "542", "count": "1"}, {"item": "663", "count": "1"}, {"item": "922", "count": "1"}, {"item": "989", "count": "1"}, {"item": "992", "count": "1"}, {"item": "1000", "count": "1"}, {"item": "1273", "count": "1"}, {"item": "8586", "count": "1"}, {"item": "1582", "count": "1"}, {"item": "1721", "count": "1"}, {"item": "2323", "count": "1"}, {"item": "2621", "count": "1"}], "smallest": "0", "not_null": "3330", "sum": "4173502958", "cardinality": "2073"}, "format": {}}, {"id": 350402334, "name": "OtherFuelUse(kBtu)", "dataTypeName": "number", "fieldName": "otherfueluse_kbtu", "position": 40, "renderTypeName": "number", "tableColumnId": 46302857, "width": 316, "cachedContents": {"largest": "8269669", "non_null": 3330, "average": "7142.301201201201", "null": "10", "top": [{"item": "0", "count": "3313"}, {"item": "547", "count": "1"}, {"item": "5596", "count": "1"}, {"item": "12551", "count": "1"}, {"item": "15527", "count": "1"}, {"item": "143134", "count": "1"}, {"item": "145944", "count": "1"}, {"item": "177849", "count": "1"}, {"item": "178094", "count": "1"}, {"item": "182715", "count": "1"}, {"item": "229942", "count": "1"}, {"item": "337952", "count": "1"}, {"item": "427938", "count": "1"}, {"item": "1943011", "count": "1"}, {"item": "2304567", "count": "1"}, {"item": "2944419", "count": "1"}, {"item": "6464408", "count": "1"}, {"item": "8269669", "count": "1"}], "smallest": "0", "not_null": "3330", "sum": "23783863", "cardinality": "18"}, "format": {}}, {"id": 350402335, "name": "GHGEmissions(MetricTonsCO2e)", "dataTypeName": "number", "description": "The total amount of greenhouse gas emissions, including carbon dioxide, methane, and nitrous oxide gases released into the atmosphere as a result of energy consumption at the property, measured in metric tons of carbon dioxide equivalent. This calculation uses a GHG emissions factor from Seattle CIty Light's portfolio of generating resources. This uses Seattle City Light's 2015 emissions factor of 52.44 lbs CO2e/MWh. Enwave steam factor = 170.17 lbs CO2e/MMBtu. Gas factor sourced from EPA Portfolio Manager = 53.11 kg CO2e/MBtu. ", "fieldName": "ghgemissions_metrictonsco2e", "position": 41, "renderTypeName": "number", "tableColumnId": 46302858, "width": 436, "cachedContents": {"largest": "11824.89", "non_null": 3330, "average": "110.0941021021021", "null": "10", "top": [{"item": "4.65", "count": "8"}, {"item": "3.47", "count": "6"}, {"item": "3.54", "count": "6"}, {"item": "4.55", "count": "6"}, {"item": "6.71", "count": "5"}, {"item": "4.73", "count": "5"}, {"item": "4.26", "count": "5"}, {"item": "3.62", "count": "5"}, {"item": "5.87", "count": "5"}, {"item": "3.98", "count": "4"}, {"item": "4.44", "count": "4"}, {"item": "6.19", "count": "4"}, {"item": "4.32", "count": "4"}, {"item": "9.83", "count": "4"}, {"item": "11.82", "count": "4"}, {"item": "3.34", "count": "4"}, {"item": "4.86", "count": "4"}, {"item": "5.35", "count": "4"}, {"item": "4.25", "count": "4"}, {"item": "4.03", "count": "4"}], "smallest": "0", "not_null": "3330", "sum": "366613.36", "cardinality": "2763"}, "format": {"precisionStyle": "standard", "noCommas": "false", "align": "right"}}, {"id": 350402336, "name": "GHGEmissionsIntensity(kgCO2e/ft2)", "dataTypeName": "number", "description": "\t\nTotal Greenhouse Gas Emissions divided by property's gross floor area, measured in kilograms of carbon dioxide equivalent per square foot. This calculation uses a GHG emissions factor from Seattle City Light's portfolio of generating resources", "fieldName": "ghgemissionsintensity_kgco2e_ft2", "position": 42, "renderTypeName": "number", "tableColumnId": 46302859, "width": 496, "cachedContents": {"largest": "31.38", "non_null": 3330, "average": "0.9853393393393393", "null": "10", "top": [{"item": "0.06", "count": "258"}, {"item": "0.07", "count": "206"}, {"item": "0.05", "count": "154"}, {"item": "0.08", "count": "146"}, {"item": "0.09", "count": "81"}, {"item": "0.10", "count": "71"}, {"item": "0.11", "count": "51"}, {"item": "0.04", "count": "46"}, {"item": "0.12", "count": "42"}, {"item": "0.14", "count": "35"}, {"item": "0.13", "count": "32"}, {"item": "0.03", "count": "31"}, {"item": "0.17", "count": "28"}, {"item": "0.02", "count": "27"}, {"item": "0.24", "count": "24"}, {"item": "0.56", "count": "23"}, {"item": "0.18", "count": "23"}, {"item": "0.15", "count": "21"}, {"item": "0.48", "count": "20"}, {"item": "0.55", "count": "20"}], "smallest": "0.00", "not_null": "3330", "sum": "3281.18", "cardinality": "471"}, "format": {"precisionStyle": "standard", "noCommas": "false", "align": "right"}}, {"id": 350402337, "name": "DefaultData", "dataTypeName": "text", "fieldName": "defaultdata", "position": 43, "renderTypeName": "text", "tableColumnId": 46302860, "width": 232, "cachedContents": {"largest": "Yes", "non_null": 3339, "null": "1", "top": [{"item": "No", "count": "2791"}, {"item": "Yes", "count": "548"}], "smallest": "No", "not_null": "3339", "cardinality": "2"}, "format": {}}, {"id": 350402338, "name": "Comment", "dataTypeName": "text", "fieldName": "comment", "position": 44, "renderTypeName": "text", "tableColumnId": 46302861, "width": 184, "cachedContents": {"largest": "Under construction starting 6/2015 (old building demolished) and ending 9/2017. New Building re-opens 9/2017. Year built changed from 1954 to 2017.", "non_null": 13, "null": "3327", "top": [{"item": "Construction completed in mid 2015. The building was unoccupied for most of 2015.", "count": "1"}, {"item": "One of two office buildings on McKinstry's campus partially remodeled in 2009 from warehouse to office space. Served by rooftop air handling units with underfloor VAVs.  Self-performed energy efficiency upgrades in 2015 include a long-term LED lighting re", "count": "1"}, {"item": "Part of McKinstry's campus, property includes a warehouse, a local pipe supplier, and a local insulation contractor.  Learn more at www.mckinstry.com.", "count": "1"}, {"item": "Part of McKinstry's campus, property operates a fabrication and production shop and is conditioned by natural gas overhead radiant unit heaters with no cooling. Learn more at www.mckinstry.com.", "count": "1"}, {"item": "Part of McKinstry's campus, the office space for this building sites on the 3rd floor above a 2-story parking garage and is served by rooftop package units for both heating and cooling. Learn more at www.mckinstryinnovationcenter.com.", "count": "1"}, {"item": "Part of McKinstry\u2019s campus, this remodeled warehouse is mainly office but includes a full-size basketball court and gym with locker rooms, bistro with a full kitchen, and data center. Served by rooftop package units for heating and cooling. Upgrades inclu", "count": "1"}, {"item": "Property now has two buildings: Thornton Creek Elementary School and the Decatur Building. New Thornton Creek Elementary built on Decatur Property and under construction from 6/2013 - 9/2016.", "count": "1"}, {"item": "Recent energy efficiency upgrades include replaced toilets with low flow models in all units and participation in lighting rebate program to replace bulbs with CFLs or LEDs. Future improvements include whole building window replacement in 2016.", "count": "1"}, {"item": "Under construction starting 09/2014 (old building demolished) and ending 9/2017. New Buildings (two) re-open 9/2017. Year built changed from 1953 to 2017.", "count": "1"}, {"item": "Under construction starting 6/2013 (old building demolished) and ending 9/2016. New Building re-opened 9/2016. Year built changed from 1948 to 2016.", "count": "1"}, {"item": "Under construction starting 6/2013 (old building demolished) and ending 9/2016. New Building re-opened 9/2016. Year built changed from 1949 to 2016.", "count": "1"}, {"item": "Under construction starting 6/2013 (old building demolished) and ending 9/2016. New Building re-opened 9/2016.  Year built changed from 1950 to 2016.", "count": "1"}, {"item": "Under construction starting 6/2015 (old building demolished) and ending 9/2017. New Building re-opens 9/2017. Year built changed from 1954 to 2017.", "count": "1"}], "smallest": "Construction completed in mid 2015. The building was unoccupied for most of 2015.", "not_null": "13", "cardinality": "13"}, "format": {}}, {"id": 350402339, "name": "ComplianceStatus", "dataTypeName": "text", "fieldName": "compliancestatus", "position": 45, "renderTypeName": "text", "tableColumnId": 46302862, "width": 292, "cachedContents": {"largest": "Not Compliant", "non_null": 3340, "null": "0", "top": [{"item": "Compliant", "count": "3337"}, {"item": "Not Compliant", "count": "3"}], "smallest": "Compliant", "not_null": "3340", "cardinality": "2"}, "format": {}}, {"id": 350402340, "name": "Outlier", "dataTypeName": "text", "fieldName": "outlier", "position": 46, "renderTypeName": "text", "tableColumnId": 46302863, "width": 184, "cachedContents": {"largest": "Low Outlier", "non_null": 84, "null": "3256", "top": [{"item": "High Outlier", "count": "46"}, {"item": "Low Outlier", "count": "38"}], "smallest": "High Outlier", "not_null": "84", "cardinality": "2"}, "format": {}}, {"id": 350404102, "name": "2010 Census Tracts", "dataTypeName": "number", "fieldName": ":@computed_region_2day_rhn5", "position": 47, "renderTypeName": "number", "tableColumnId": 62603791, "computationStrategy": {"source_columns": ["location"], "type": "georegion_match_on_point", "parameters": {"region": "_2day-rhn5", "primary_key": "_feature_id"}}, "format": {}}, {"id": 350404103, "name": "Seattle Police Department Micro Community Policing Plan Areas", "dataTypeName": "number", "fieldName": ":@computed_region_ru88_fbhk", "position": 48, "renderTypeName": "number", "tableColumnId": 62603792, "computationStrategy": {"source_columns": ["location"], "type": "georegion_match_on_point", "parameters": {"region": "_ru88-fbhk", "primary_key": "_feature_id"}}, "format": {}}, {"id": 350404104, "name": "City Council Districts", "dataTypeName": "number", "fieldName": ":@computed_region_cyqu_gs94", "position": 49, "renderTypeName": "number", "tableColumnId": 62603793, "computationStrategy": {"source_columns": ["location"], "type": "georegion_match_on_point", "parameters": {"region": "_cyqu-gs94", "primary_key": "_feature_id"}}, "format": {}}, {"id": 350404105, "name": "SPD Beats", "dataTypeName": "number", "fieldName": ":@computed_region_kuhn_3gp2", "position": 50, "renderTypeName": "number", "tableColumnId": 62603794, "computationStrategy": {"source_columns": ["location"], "type": "georegion_match_on_point", "parameters": {"region": "_kuhn-3gp2", "primary_key": "_feature_id"}}, "format": {}}, {"id": 350404106, "name": "Zip Codes", "dataTypeName": "number", "fieldName": ":@computed_region_q256_3sug", "position": 51, "renderTypeName": "number", "tableColumnId": 62603795, "computationStrategy": {"source_columns": ["location"], "type": "georegion_match_on_point", "parameters": {"region": "_q256-3sug", "primary_key": "_feature_id"}}, "format": {}}], "grants": [{"inherited": false, "type": "viewer", "flags": ["public"]}], "license": {"name": "Public Domain"}, "metadata": {"rdfSubject": "0", "jsonQuery": {"order": [{"columnFieldName": "seattlebuildingid", "ascending": true}]}, "custom_fields": {"Department": {"Department": "Office of Sustainability and Environment"}, "Refresh Frequency": {"Frequency": "Annually"}}, "availableDisplayTypes": ["table", "fatrow", "page"], "renderTypeConfig": {"visible": {"table": true}}}, "owner": {"id": "9yyf-ecsx", "displayName": "Sullivan, Terry", "screenName": "Sullivan, Terry", "type": "interactive", "flags": ["acceptedEula"]}, "query": {"orderBys": [{"ascending": true, "expression": {"columnId": 350402298, "type": "column"}}]}, "rights": ["read"], "tableAuthor": {"id": "9yyf-ecsx", "displayName": "Sullivan, Terry", "screenName": "Sullivan, Terry", "type": "interactive", "flags": ["acceptedEula"]}, "tags": ["building", "eui", "benchmarking", "energy", "electricity", "steam", "gas", "ghg", "greenhouse gas", "seattle", "energy use", "ose", "office of sustainability and environment"], "flags": ["default", "ownerMayBeContacted", "restorable", "restorePossibleForType"]}